datadate,fyearq,fqtr,indfmt,consol,popsrc,datafmt,tic,cusip,conm,curcdq,datacqtr,datafqtr,scfq,rdq,actq,apq,atq,cheq,cogsq,cshoq,dlcq,dlttq,dpq,gdwlq,invtq,ivstq,lctq,ltq,niitq,niq,oibdpq,piq,rectq,req,revtq,teqq,tieq,tiiq,txtq,uaptq,ugiq,unopincq,uopiq,xintq,xoprq,xrdq,xsgaq,capxy,cdvcy,dpcy,fincfy,ivncfy,oancfy,costat,dvpspq,gm_c,om_c,nm_c,le_c,cr_c,cfr_c,roa_c,rnd_c,cp_c
2004-12-31,2005,1,INDL,C,D,STD,AAPL,037833100,APPLE INC,USD,2004Q4,2005Q1,7.0,2005-01-12,8322.0,1737.0,9362.0,6448.0,2453.0,404.549,0.0,0.0,41.0,80.0,156.0,,3224.0,3572.0,,295.0,444.0,429.0,1197.0,2962.0,3490.0,,,,134.0,,,,,0.0,3046.0,123.0,593.0,58.0,,41.0,254.0,-1523.0,775.0,A,0.0,0.297134670487106,0.12722063037249284,0.08452722063037249,0.0,2.5812655086848637,0.08278145695364239,0.0315103610339671,0.01313821832941679,0.00619525742362743
2005-03-31,2005,2,INDL,C,D,STD,AAPL,037833100,APPLE INC,USD,2005Q1,2005Q2,7.0,2005-04-13,9007.0,1773.0,10111.0,7057.0,2235.0,823.137,0.0,0.0,41.0,80.0,164.0,,3352.0,3725.0,,286.0,438.0,430.0,1242.0,3261.0,3243.0,,,,144.0,,,,,0.0,2805.0,120.0,570.0,101.0,,82.0,406.0,-2432.0,1311.0,A,0.0,0.3108233117483811,0.13506012950971322,0.0881899475794018,0.0,2.6870525059665873,0.1296607655029176,0.02828602512115518,0.011868262288596578,0.009989120759568787
2005-06-30,2005,3,INDL,C,D,STD,AAPL,037833100,APPLE INC,USD,2005Q2,2005Q3,7.0,2005-07-13,9376.0,1530.0,10488.0,7526.0,2430.0,827.981,0.0,0.0,46.0,80.0,193.0,,3123.0,3667.0,,319.0,472.0,472.0,1101.0,3584.0,3520.0,,,,153.0,,,,,0.0,3048.0,145.0,618.0,164.0,,128.0,469.0,-2127.0,1783.0,A,0.0,0.3096590909090909,0.1340909090909091,0.090625,0.0,3.0022414345180914,0.1700038138825324,0.03041571319603356,0.013825324180015256,0.015636918382913808
2005-09-30,2005,4,INDL,C,D,STD,AAPL,037833100,APPLE INC,USD,2005Q3,2005Q4,7.0,2005-10-11,10300.0,1779.0,11551.0,8261.0,2592.0,835.019,0.0,0.0,51.0,69.0,165.0,,3484.0,4085.0,,428.0,468.0,477.0,1312.0,4005.0,3678.0,,,,49.0,,,,,0.0,3210.0,147.0,618.0,260.0,,179.0,543.0,-2556.0,2535.0,A,0.0,0.29526916802610115,0.1272430668841762,0.11636759108210984,0.0,2.9563719862227327,0.2194615184832482,0.03705306899835512,0.012726170894294866,0.02250887369058956
2005-12-31,2006,1,INDL,C,D,STD,AAPL,037833100,APPLE INC,USD,2005Q4,2006Q1,7.0,2006-01-18,12162.0,2896.0,14181.0,8707.0,4133.0,845.617,0.0,0.0,52.0,69.0,244.0,,5060.0,5801.0,,565.0,802.0,831.0,2413.0,4565.0,5749.0,,,,266.0,,,,,0.0,4947.0,182.0,814.0,82.0,,52.0,283.0,93.0,283.0,A,0.0,0.2810923638893721,0.13950252217777004,0.09827796138458862,0.0,2.4035573122529645,0.01995627952894718,0.0398420421690995,0.01283407376066568,0.005782384881179043
2006-03-31,2006,2,INDL,C,D,STD,AAPL,037833100,APPLE INC,USD,2006Q1,2006Q2,7.0,2006-04-19,11286.0,2108.0,13911.0,8226.0,3012.0,849.188,0.0,0.0,50.0,69.0,204.0,,4456.0,5229.0,,410.0,579.0,605.0,1984.0,4668.0,4359.0,,,,195.0,,,,,0.0,3780.0,176.0,768.0,275.0,,102.0,142.0,2555.0,158.0,A,0.0,0.30901582931865107,0.13282863041982107,0.09405827024546914,0.0,2.5327648114901256,0.011357918194234777,0.029473078858457336,0.012651858241679246,0.01976852850262382
2006-06-30,2006,3,INDL,C,D,STD,AAPL,037833100,APPLE INC,USD,2006Q2,2006Q3,7.0,2006-07-19,12491.0,2513.0,15114.0,9176.0,2988.0,852.988,0.0,0.0,57.0,38.0,213.0,,5023.0,5784.0,,472.0,623.0,661.0,2094.0,5081.0,4370.0,,,,189.0,,,,,0.0,3747.0,175.0,759.0,512.0,,159.0,271.0,3086.0,1165.0,A,0.0,0.3162471395881007,0.1425629290617849,0.1080091533180778,0.0,2.486760899860641,0.07708085219002249,0.03122932380574302,0.011578668783908959,0.0338758766706365
2006-09-30,2006,4,INDL,C,D,STD,AAPL,037833100,APPLE INC,USD,2006Q3,2006Q4,7.0,2006-10-18,14509.0,3390.0,17205.0,10110.0,3359.0,855.263,0.0,0.0,66.0,38.0,270.0,,6471.0,7221.0,,542.0,674.0,721.0,2845.0,5629.0,4837.0,,,,179.0,,,,,0.0,4163.0,179.0,804.0,657.0,,225.0,324.0,357.0,2220.0,A,0.0,0.3055612983254083,0.13934256770725656,0.112052925366963,0.0,2.2421573172616287,0.12903225806451613,0.03150247021214763,0.010403952339436211,0.03818657367044464
2006-12-31,2007,1,INDL,C,D,STD,AAPL,037833100,APPLE INC,USD,2006Q4,2007Q1,7.0,2007-01-17,16664.0,3885.0,19461.0,11869.0,4821.0,860.22,0.0,0.0,74.0,38.0,303.0,4710.0,7337.0,8233.0,,1004.0,1396.0,1448.0,3113.0,6634.0,7115.0,,,,444.0,,,,,0.0,5719.0,184.0,898.0,142.0,,74.0,188.0,-1234.0,1813.0,A,0.0,0.3224174279690794,0.19620520028109628,0.14111033028812367,0.0,2.27122802235246,0.09316068033502903,0.05159036020759468,0.00945480704999743,0.007296644571193669
2007-03-31,2007,2,INDL,C,D,STD,AAPL,037833100,APPLE INC,USD,2007Q1,2007Q2,7.0,2007-04-25,16029.0,2403.0,18711.0,12577.0,3346.0,864.693,0.0,0.0,69.0,38.0,208.0,5482.0,5485.0,6450.0,,770.0,1055.0,1134.0,1667.0,7413.0,5264.0,,,,364.0,,,,,0.0,4209.0,183.0,863.0,247.0,,143.0,368.0,-2212.0,2547.0,A,0.0,0.36436170212765956,0.20041793313069908,0.14627659574468085,0.0,2.922333637192343,0.13612313612313612,0.0411522633744856,0.009780343113676447,0.013200790978568756
2007-06-30,2007,3,INDL,C,D,STD,AAPL,037833100,APPLE INC,USD,2007Q2,2007Q3,7.0,2007-07-25,18745.0,3660.0,21647.0,13767.0,3334.0,869.162,0.0,0.0,81.0,38.0,251.0,6649.0,6992.0,8243.0,,818.0,1122.0,1196.0,2901.0,8255.0,5410.0,,,,378.0,,,,,0.0,4288.0,208.0,954.0,530.0,,224.0,597.0,-3645.0,3774.0,A,0.0,0.3837338262476895,0.20739371534195933,0.15120147874306838,0.0,2.6809210526315788,0.1743428650621333,0.03778814616344066,0.009608721762830877,0.02448376218413637
2007-09-30,2007,4,INDL,C,D,STD,AAPL,037833100,APPLE INC,USD,2007Q3,2007Q4,7.0,2007-10-22,21956.0,4970.0,25347.0,15386.0,4034.0,872.329,0.0,0.0,93.0,38.0,346.0,6034.0,9299.0,10815.0,,904.0,1153.0,1230.0,4029.0,9164.0,6217.0,,,,326.0,,,,,0.0,5064.0,207.0,1030.0,735.0,,317.0,739.0,-3249.0,5470.0,A,0.0,0.35113398745375585,0.18545922470645004,0.14540775293549943,0.0,2.361114098290139,0.21580463171183967,0.03566497021343749,0.008166646940466328,0.02899751449875725
2007-12-31,2008,1,INDL,C,D,STD,AAPL,037833100,APPLE INC,USD,2007Q4,2008Q1,7.0,2008-01-22,26189.0,5366.0,30039.0,18448.0,6170.0,878.629,0.0,0.0,106.0,38.0,459.0,9286.0,10535.0,13235.0,,1581.0,2232.0,2326.0,4422.0,10758.0,9608.0,,,,745.0,,,,,0.0,7376.0,246.0,1206.0,224.0,,106.0,485.0,-3462.0,2787.0,A,0.0,0.35782681099084096,0.23230641132389676,0.1645503746877602,0.0,2.485904129093498,0.09277938679716369,0.05263157894736842,0.00818935384000799,0.007456972602283698
2008-03-31,2008,2,INDL,C,D,STD,AAPL,037833100,APPLE INC,USD,2008Q1,2008Q2,7.0,2008-04-23,26736.0,4154.0,30471.0,19448.0,4922.0,881.431,0.0,0.0,116.0,38.0,364.0,10378.0,9634.0,12418.0,,1045.0,1431.0,1477.0,3620.0,11711.0,7512.0,,,,432.0,,,,,0.0,6081.0,273.0,1159.0,384.0,,222.0,562.0,-4824.0,3980.0,A,0.0,0.34478168264110753,0.19049520766773162,0.13911075612353568,0.0,2.7751712684243306,0.13061599553673986,0.03429490335072692,0.00895933838731909,0.012602146303042237
2008-06-30,2008,3,INDL,C,D,STD,AAPL,037833100,APPLE INC,USD,2008Q2,2008Q3,7.0,2008-07-21,27998.0,3683.0,31709.0,20774.0,4747.0,885.747,0.0,0.0,117.0,38.0,545.0,11401.0,9218.0,12087.0,,1072.0,1509.0,1510.0,3245.0,12791.0,7464.0,,,,438.0,,,,,0.0,5955.0,292.0,1208.0,688.0,,339.0,916.0,-6196.0,5301.0,A,0.0,0.3640139335476956,0.20217041800643087,0.14362272240085744,0.0,3.037318290301584,0.16717651140054873,0.03380743637453089,0.00920874199754013,0.021697309912012363
2008-09-30,2008,4,INDL,C,D,STD,AAPL,037833100,APPLE INC,USD,2008Q3,2008Q4,7.0,2008-10-21,34690.0,5520.0,39572.0,24490.0,5022.0,888.326,0.0,0.0,134.0,207.0,509.0,12615.0,14092.0,18542.0,,1136.0,1576.0,1582.0,4704.0,13853.0,7895.0,,,,446.0,,,,,0.0,6319.0,298.0,1297.0,1091.0,,473.0,1116.0,-8189.0,9596.0,A,0.0,0.36390120329322356,0.19962001266624446,0.14388853704876503,0.0,2.4616803860346295,0.24249469321742648,0.028707166683513596,0.007530577175780855,0.02756999898918427
2008-12-31,2009,1,INDL,C,D,STD,AAPL,037833100,APPLE INC,USD,2008Q4,2009Q1,7.0,2009-01-21,35163.0,4715.0,42787.0,25647.0,7205.0,890.415,0.0,0.0,168.0,207.0,396.0,18411.0,14757.0,19878.0,,2255.0,3269.0,3259.0,3413.0,15517.0,11880.0,22909.0,,,1004.0,,,,,0.0,8611.0,315.0,1406.0,339.0,,158.0,62.0,-8639.0,3938.0,A,0.0,0.39351851851851855,0.2751683501683502,0.18981481481481483,0.0,2.3828013823947956,0.09203730104938417,0.05270292378526188,0.007362049220557646,0.007922967256409657
2009-03-31,2009,2,INDL,C,D,STD,AAPL,037833100,APPLE INC,USD,2009Q1,2009Q2,7.0,2009-04-22,33853.0,3976.0,43237.0,25013.0,5276.0,891.912,0.0,0.0,181.0,207.0,312.0,20547.0,13751.0,18926.0,,1620.0,2504.0,2386.0,3036.0,16668.0,9084.0,24311.0,,,766.0,,,,,0.0,6580.0,319.0,1304.0,439.0,,330.0,136.0,-12324.0,4779.0,A,0.0,0.4191985909291061,0.2756494936151475,0.178335535006605,0.0,2.461857319467675,0.11053033281680043,0.03746790942942387,0.007377940190114948,0.01015334088859079
2009-06-30,2009,3,INDL,C,D,STD,AAPL,037833100,APPLE INC,USD,2009Q2,2009Q3,7.0,2009-07-21,35170.0,4854.0,48140.0,24222.0,5569.0,895.735,0.0,0.0,182.0,207.0,380.0,18617.0,16661.0,22252.0,,1828.0,2814.0,2692.0,4180.0,17931.0,9734.0,25888.0,,,864.0,,,,,0.0,6920.0,341.0,1351.0,685.0,,506.0,344.0,-13663.0,7049.0,A,0.0,0.42788165194164784,0.2890897883706595,0.1877953564824327,0.0,2.1109177120220877,0.14642708766098878,0.0379725799750727,0.007083506439551308,0.014229331117573744
2009-09-30,2009,4,INDL,C,D,STD,AAPL,037833100,APPLE INC,USD,2009Q3,2009Q4,7.0,2009-10-19,31555.0,5601.0,47501.0,23464.0,6899.0,899.806,0.0,0.0,203.0,206.0,455.0,18201.0,11506.0,15861.0,,2532.0,3887.0,3729.0,5057.0,23430.0,12207.0,31640.0,,,1197.0,,,,,0.0,8320.0,358.0,1421.0,1144.0,,734.0,663.0,-17434.0,10159.0,A,0.0,0.43483247317113133,0.3184238551650692,0.20742197100024576,0.0,2.7424821832087605,0.21386918170143787,0.053304140965453356,0.007536683438243406,0.024083703500978926
2009-12-31,2010,1,INDL,C,D,STD,AAPL,037833100,APPLE INC,USD,2009Q4,2010Q1,7.0,2010-01-25,33332.0,6511.0,53926.0,24796.0,9063.0,906.282,0.0,0.0,209.0,253.0,576.0,17187.0,13097.0,18158.0,,3378.0,4934.0,4758.0,4881.0,26806.0,15683.0,35768.0,,,1380.0,,,,,0.0,10749.0,398.0,1686.0,376.0,,209.0,523.0,-3958.0,5781.0,A,0.0,0.4221131161129886,0.31460817445641776,0.21539246317668814,0.0,2.5450103077040542,0.1072024626339799,0.06264139747060787,0.007380484367466528,0.006972517894893002
2010-03-31,2010,2,INDL,C,D,STD,AAPL,037833100,APPLE INC,USD,2010Q1,2010Q2,7.0,2010-04-20,32336.0,5666.0,57057.0,23155.0,7658.0,909.636,0.0,0.0,216.0,480.0,638.0,13137.0,12229.0,17709.0,,3074.0,4195.0,4029.0,4629.0,29795.0,13499.0,39348.0,,,955.0,,,,,0.0,9304.0,426.0,1646.0,650.0,,425.0,685.0,-4041.0,8111.0,A,0.0,0.4326987184235869,0.31076376027853914,0.22772057189421438,0.0,2.644206394635702,0.1421560895245106,0.05387594861279072,0.007466217992533782,0.01139211665527455
2010-06-30,2010,3,INDL,C,D,STD,AAPL,037833100,APPLE INC,USD,2010Q2,2010Q3,7.0,2010-07-20,36033.0,8469.0,64725.0,24288.0,9291.0,913.482,0.0,0.0,273.0,714.0,942.0,14583.0,15612.0,21614.0,,3253.0,4507.0,4292.0,6399.0,32978.0,15700.0,43111.0,,,1039.0,,,,,0.0,11193.0,464.0,1902.0,1245.0,,698.0,1001.0,-9471.0,12912.0,A,0.0,0.4082165605095541,0.2870700636942675,0.20719745222929936,0.0,2.308032282859339,0.1994901506373117,0.05025878717651603,0.007168791039011201,0.019235225955967557
2010-09-30,2010,4,INDL,C,D,STD,AAPL,037833100,APPLE INC,USD,2010Q3,2010Q4,7.0,2010-10-18,41678.0,12015.0,75183.0,25620.0,12502.0,915.97,0.0,0.0,329.0,741.0,1051.0,14359.0,20722.0,27392.0,,4308.0,5776.0,5461.0,9924.0,37123.0,20343.0,47791.0,,,1153.0,,,,,0.0,14567.0,494.0,2065.0,2005.0,,1027.0,1257.0,-13854.0,18595.0,A,0.0,0.38543970899080765,0.28393059037506757,0.2117681757852824,0.0,2.0112923462986196,0.24732984850298606,0.057300187542396554,0.006570634318928481,0.02666826277216924
2010-12-31,2011,1,INDL,C,D,STD,AAPL,037833100,APPLE INC,USD,2010Q4,2011Q1,7.0,2011-01-18,43927.0,14301.0,86742.0,26977.0,16087.0,921.035,0.0,0.0,356.0,741.0,885.0,16243.0,23795.0,32076.0,,6004.0,8183.0,7963.0,10874.0,43164.0,26741.0,54666.0,,,1959.0,,,,,0.0,18558.0,575.0,2471.0,1214.0,,356.0,429.0,-10729.0,9773.0,A,0.0,0.39841441980479414,0.3060094985228675,0.22452413896264165,0.0,1.846060096658962,0.11266745060063175,0.0692167577413479,0.006628853381291646,0.01399552696502271
2011-03-31,2011,2,INDL,C,D,STD,AAPL,037833100,APPLE INC,USD,2011Q1,2011Q2,7.0,2011-04-20,46997.0,13714.0,94904.0,29234.0,14015.0,924.674,0.0,0.0,434.0,741.0,930.0,13256.0,24327.0,33427.0,,5987.0,8308.0,7900.0,11095.0,49151.0,24667.0,61477.0,,,1913.0,,,,,0.0,16359.0,581.0,2344.0,1838.0,,790.0,976.0,-12251.0,15992.0,A,0.0,0.4318320022702396,0.3368062593748733,0.24271293631167146,0.0,1.9318863813869362,0.16850712298743994,0.06308480148360449,0.0061219758914271265,0.01936693922279356
2011-06-30,2011,3,INDL,C,D,STD,AAPL,037833100,APPLE INC,USD,2011Q2,2011Q3,7.0,2011-07-19,46898.0,15270.0,106758.0,28395.0,16168.0,926.904,0.0,0.0,481.0,741.0,889.0,16304.0,26859.0,37415.0,,7308.0,9860.0,9551.0,11471.0,56628.0,28571.0,69343.0,,,2243.0,,,,,0.0,18711.0,628.0,2543.0,2615.0,,1271.0,1013.0,-27283.0,27100.0,A,0.0,0.4341115116726751,0.34510517657764866,0.25578383675755134,0.0,1.7460813879891284,0.25384514509451284,0.06845388635980441,0.005882463140935574,0.02449465145469192
2011-09-30,2011,4,INDL,C,D,STD,AAPL,037833100,APPLE INC,USD,2011Q3,2011Q4,7.0,2011-10-18,44988.0,14632.0,116371.0,25952.0,16347.0,929.277,0.0,0.0,543.0,896.0,776.0,16137.0,27970.0,39756.0,,6623.0,9253.0,8791.0,11717.0,63284.0,28270.0,76615.0,,,2168.0,,,,,0.0,19017.0,645.0,2670.0,4260.0,,1814.0,1444.0,-40419.0,37529.0,A,0.0,0.42175451008135834,0.3273081004598514,0.23427661832331093,0.0,1.6084376117268502,0.32249443589897825,0.05691280473657526,0.005542618006204295,0.03660705845958186
2011-12-31,2012,1,INDL,C,D,STD,AAPL,037833100,APPLE INC,USD,2011Q4,2012Q1,7.0,2012-01-24,54771.0,18221.0,138681.0,30156.0,24909.0,932.214,0.0,0.0,721.0,896.0,1236.0,19846.0,34607.0,48627.0,,13064.0,18061.0,17477.0,16484.0,76093.0,46333.0,90054.0,,,4413.0,,,,,0.0,28272.0,758.0,3363.0,1321.0,,721.0,69.0,-17128.0,17554.0,A,0.0,0.4623918157684588,0.38980855977381135,0.28195886301340295,0.0,1.5826566879533042,0.12657826234307512,0.09420180125612015,0.005465781181272128,0.009525457705092983
2012-03-31,2012,2,INDL,C,D,STD,AAPL,037833100,APPLE INC,USD,2012Q1,2012Q2,7.0,2012-04-24,50712.0,17011.0,150934.0,28538.0,19882.0,934.982,0.0,0.0,740.0,1141.0,1102.0,18417.0,32036.0,48436.0,,11622.0,16124.0,15532.0,13769.0,87648.0,39186.0,102498.0,,,3910.0,,,,,0.0,23062.0,841.0,3180.0,2778.0,,1461.0,379.0,-31604.0,31531.0,A,0.0,0.4926249170622161,0.41147348542846934,0.2965855152350329,0.0,1.5829691596953428,0.2089058793909921,0.07700054328381942,0.005571971855247989,0.01840539573588456
2012-06-30,2012,3,INDL,C,D,STD,AAPL,037833100,APPLE INC,USD,2012Q2,2012Q3,7.0,2012-07-24,51943.0,16808.0,162896.0,27654.0,19194.0,937.266,0.0,0.0,835.0,1132.0,1122.0,19709.0,33060.0,51150.0,,8824.0,12408.0,11861.0,14298.0,96173.0,35023.0,111746.0,,,3037.0,,,,,0.0,22615.0,876.0,3421.0,4834.0,,2296.0,324.0,-43914.0,41720.0,A,0.0,0.4519601404791137,0.3542814721754276,0.2519487194129572,0.0,1.5711736237144585,0.25611433061585304,0.054169531480208234,0.005377664276593655,0.029675375699833022
2012-09-30,2012,4,INDL,C,D,STD,AAPL,037833100,APPLE INC,USD,2012Q3,2012Q4,7.0,2012-10-25,57653.0,21175.0,176064.0,29129.0,20584.0,939.208,0.0,0.0,981.0,1135.0,791.0,18383.0,38542.0,57854.0,,8223.0,11925.0,10893.0,18692.0,101788.0,35966.0,118210.0,,,2670.0,,,,,0.0,24041.0,906.0,3457.0,8295.0,,3277.0,-1698.0,-48227.0,50856.0,A,2.65,0.42768169938275036,0.331563142968359,0.2286325974531502,0.0,1.4958486845519174,0.2888495092693566,0.04670460741548528,0.005145856052344602,0.04711354961832061
2012-12-31,2013,1,INDL,C,D,STD,AAPL,037833100,APPLE INC,USD,2012Q4,2013Q1,7.0,2013-01-23,72348.0,26398.0,196088.0,39820.0,31864.0,938.973,0.0,0.0,1588.0,1381.0,1455.0,23666.0,46879.0,68742.0,,13078.0,18798.0,17672.0,21534.0,110179.0,54512.0,127346.0,,,4594.0,,,,,0.0,35714.0,1010.0,3850.0,2317.0,,1588.0,-4497.0,-13521.0,23426.0,A,2.65,0.41546815380099794,0.3448415027883769,0.2399104784267684,0.0,1.543292305723245,0.11946677002162294,0.06669454530618905,0.005150748643466199,0.011816123373179388
2013-03-31,2013,2,INDL,C,D,STD,AAPL,037833100,APPLE INC,USD,2013Q1,2013Q2,7.0,2013-04-23,63337.0,14912.0,194743.0,39137.0,25562.0,940.094,0.0,0.0,1692.0,1400.0,1245.0,27084.0,35508.0,59253.0,,9547.0,14250.0,12905.0,13336.0,117536.0,43603.0,135490.0,,,3358.0,,,,,0.0,29353.0,1119.0,3791.0,4325.0,,3280.0,-6745.0,-27878.0,35930.0,A,2.65,0.4137559342247093,0.32681237529527785,0.2189528243469486,0.0,1.7837388757463106,0.18449957122977462,0.049023584929881944,0.005746034517286886,0.022208757182543146
2013-06-30,2013,3,INDL,C,D,STD,AAPL,037833100,APPLE INC,USD,2013Q2,2013Q3,7.0,2013-07-23,68219.0,15516.0,199856.0,42606.0,20605.0,908.442,0.0,16958.0,1694.0,1522.0,1697.0,31358.0,36319.0,76502.0,,6900.0,10895.0,9435.0,13453.0,104330.0,35323.0,123354.0,,,2535.0,,,,,53.0,24428.0,1178.0,3823.0,6210.0,,4974.0,-8871.0,-34385.0,43758.0,A,3.05,0.41666902584718174,0.3084392605384594,0.19534014664666083,0.0848510927868065,1.8783281478014262,0.21894764230245778,0.034524857897686334,0.005894243855576015,0.0310723721079177
2013-09-30,2013,4,INDL,C,D,STD,AAPL,037833100,APPLE INC,USD,2013Q3,2013Q4,7.0,2013-10-28,73286.0,22367.0,207000.0,40546.0,21818.0,899.213,0.0,16960.0,1783.0,1577.0,1764.0,26287.0,43658.0,83451.0,,7512.0,11813.0,10143.0,20641.0,103785.0,37472.0,123549.0,,,2631.0,,,,,83.0,25659.0,1168.0,3841.0,8165.0,,6757.0,-16379.0,-33774.0,53666.0,A,3.05,0.4177519214346712,0.3152487190435525,0.20046968403074295,0.08193236714975845,1.6786385084062485,0.259256038647343,0.03628985507246377,0.005642512077294686,0.03944444444444444
2013-12-31,2014,1,INDL,C,D,STD,AAPL,037833100,APPLE INC,USD,2013Q4,2014Q1,7.0,2014-01-27,80347.0,29588.0,225184.0,40711.0,33604.0,892.447,0.0,16961.0,2144.0,2022.0,2122.0,26634.0,53769.0,95500.0,,13072.0,19607.0,17709.0,25198.0,109125.0,57594.0,129684.0,,,4637.0,,,,,84.0,37987.0,1330.0,4383.0,1985.0,,2144.0,-7749.0,-15103.0,22670.0,A,3.05,0.4165364447685523,0.34043476751050455,0.2269680869535021,0.07532062668750888,1.4942996894121148,0.10067322722751172,0.05805030552792383,0.005906281085689925,0.008815013500071052
2014-03-31,2014,2,INDL,C,D,STD,AAPL,037833100,APPLE INC,USD,2014Q1,2014Q2,7.0,2014-04-23,70541.0,18914.0,205989.0,41350.0,25812.0,861.745,0.0,16962.0,1887.0,2055.0,1829.0,22401.0,43208.0,85810.0,,10223.0,15480.0,13818.0,15820.0,98683.0,45646.0,120179.0,,,3595.0,,,,,85.0,30166.0,1422.0,4354.0,3367.0,,4031.0,-28156.0,-3362.0,36208.0,A,3.05,0.4345178109801516,0.3391315777943303,0.22396266923717303,0.08234420284578303,1.632591186817256,0.17577637640844898,0.04962886367718665,0.006903281243173179,0.0163455330138988
2014-06-30,2014,3,INDL,C,D,STD,AAPL,037833100,APPLE INC,USD,2014Q2,2014Q3,7.0,2014-07-22,67949.0,20535.0,222520.0,37805.0,20751.0,5989.171,2010.0,29030.0,1946.0,2374.0,1594.0,24828.0,46205.0,101580.0,,7748.0,12228.0,10484.0,16841.0,98801.0,37432.0,120940.0,,,2736.0,,,,,100.0,25204.0,1603.0,4453.0,5745.0,,5977.0,-22169.0,-25576.0,46463.0,A,0.47,0.4456347510151742,0.3266723658901475,0.2069886727933319,0.13046018335430523,1.4705984200844064,0.20880370303792917,0.034819342081610645,0.007203846845227395,0.025817904008628437
2014-09-30,2014,4,INDL,C,D,STD,AAPL,037833100,APPLE INC,USD,2014Q3,2014Q4,7.0,2014-10-20,68531.0,30196.0,231839.0,25077.0,24145.0,5866.161,6308.0,28987.0,1969.0,4616.0,2111.0,11233.0,63448.0,120292.0,,8467.0,13134.0,11472.0,27219.0,88234.0,42123.0,111547.0,,,3005.0,,,,,115.0,28989.0,1686.0,4844.0,9571.0,,7946.0,-37549.0,-22579.0,59713.0,A,0.47,0.42679771146404577,0.31180115376397693,0.20100657597986848,0.12503073253421557,1.0801128483167317,0.25756236008609423,0.03652103399341785,0.007272288096480747,0.04128295929502802
2014-12-31,2015,1,INDL,C,D,STD,AAPL,037833100,APPLE INC,USD,2014Q4,2015Q1,7.0,2015-01-27,83403.0,38001.0,261894.0,32463.0,42283.0,5826.419,3899.0,32504.0,2575.0,4629.0,2283.0,12985.0,73611.0,138566.0,,18024.0,26821.0,24416.0,29976.0,99141.0,74599.0,123328.0,,,6392.0,,,,,131.0,47778.0,1895.0,5495.0,3217.0,,2575.0,-6923.0,-21165.0,33722.0,A,0.47,0.43319615544444295,0.3595356506119385,0.24161181785278624,0.12411128166357381,1.1330235970167502,0.12876201822111236,0.06882173703864923,0.007235751869076802,0.012283595653203205
2015-03-31,2015,2,INDL,C,D,STD,AAPL,037833100,APPLE INC,USD,2015Q1,2015Q2,7.0,2015-04-27,67891.0,23159.0,261194.0,33096.0,31875.0,5762.278,3799.0,40072.0,2479.0,4711.0,2396.0,18607.0,58729.0,132188.0,,13569.0,20757.0,18564.0,18164.0,103630.0,58010.0,129006.0,,,4995.0,,,,,163.0,37253.0,1918.0,5378.0,5586.0,,5054.0,-8662.0,-43496.0,52803.0,A,0.47,0.4505257714187209,0.35781761765212894,0.2339079469057059,0.15341853181926077,1.1560046995521804,0.20216008024686632,0.05194989165141619,0.007343200839222953,0.02138640244416028
2015-06-30,2015,3,INDL,C,D,STD,AAPL,037833100,APPLE INC,USD,2015Q2,2015Q3,7.0,2015-07-21,70953.0,26474.0,273151.0,34703.0,26840.0,5705.4,6999.0,47419.0,3084.0,5044.0,2042.0,19384.0,65285.0,147474.0,,10677.0,17167.0,14473.0,19907.0,99350.0,49605.0,125677.0,,,3796.0,,,,,201.0,32438.0,2034.0,5598.0,7629.0,,8138.0,-11417.0,-54899.0,67791.0,A,0.52,0.4589255115411753,0.34607398447737125,0.21524039915331117,0.17359995021068933,1.0868193306272498,0.24818140881783335,0.03908826985806386,0.007446430728791035,0.02792960670105546
2015-09-30,2015,4,INDL,C,D,STD,AAPL,037833100,APPLE INC,USD,2015Q3,2015Q4,7.0,2015-10-27,89378.0,35490.0,290479.0,41601.0,27834.0,5578.753,10999.0,53463.0,3119.0,5116.0,2349.0,20481.0,80610.0,171124.0,,11124.0,17742.0,15062.0,30343.0,91939.0,51501.0,119355.0,,,3938.0,,,,,238.0,33759.0,2220.0,5925.0,11247.0,,11257.0,-17716.0,-56274.0,81266.0,A,0.52,0.45954447486456573,0.34449816508417314,0.21599580590668144,0.18405117065261173,1.1087706239920605,0.27976549079279395,0.0382953673071031,0.007642549031083142,0.03871880583450094
2015-12-31,2016,1,INDL,C,D,STD,AAPL,037833100,APPLE INC,USD,2015Q4,2016Q1,7.0,2016-01-26,76219.0,33312.0,293284.0,38074.0,42495.0,5544.487,9759.0,53204.0,2954.0,5202.0,2451.0,21385.0,76092.0,165017.0,,18361.0,26577.0,24573.0,24621.0,100014.0,75324.0,128267.0,,,6212.0,,,,,276.0,48747.0,2404.0,6252.0,3612.0,,2954.0,-11444.0,-20450.0,27463.0,A,0.52,0.4358371833678509,0.3528357495618926,0.24376028888534862,0.18140778221791848,1.0016690322241497,0.09363961211658324,0.06260484717884371,0.008196833103749267,0.012315707641739747
2016-03-31,2016,2,INDL,C,D,STD,AAPL,037833100,APPLE INC,USD,2016Q1,2016Q2,7.0,2016-04-26,87592.0,25098.0,305277.0,55283.0,28159.0,5478.446,10498.0,69374.0,2477.0,5249.0,2281.0,33769.0,68265.0,174820.0,,10516.0,16464.0,14142.0,19824.0,100973.0,50557.0,130457.0,,,3626.0,,,,,321.0,34093.0,2511.0,5934.0,5948.0,,5431.0,-4560.0,-34110.0,39064.0,A,0.52,0.4430247047886544,0.3256522341119924,0.2080028482702692,0.22724935058979223,1.2831172636050685,0.12796247342577396,0.03444740350566862,0.008225316679605734,0.01948394409012143
2016-06-30,2016,3,INDL,C,D,STD,AAPL,037833100,APPLE INC,USD,2016Q2,2016Q3,7.0,2016-07-26,93761.0,26318.0,305602.0,61756.0,23726.0,5393.165,15996.0,68939.0,2526.0,5261.0,1831.0,43519.0,71486.0,179061.0,,7796.0,12631.0,10469.0,19042.0,96435.0,42358.0,126541.0,,,2673.0,,,,,409.0,29727.0,2560.0,6001.0,8757.0,,7957.0,-14001.0,-38580.0,49698.0,A,0.57,0.4398696822324,0.2981963265498843,0.18405023844374144,0.22558425664753504,1.3115994740228856,0.16262328126124828,0.025510304251935526,0.00837690852808555,0.028654917179861388
2016-09-30,2016,4,INDL,C,D,STD,AAPL,037833100,APPLE INC,USD,2016Q3,2016Q4,7.0,2016-10-25,106869.0,37294.0,321686.0,67155.0,26491.0,5336.166,11605.0,75427.0,2548.0,5414.0,2132.0,46671.0,79006.0,193437.0,,9014.0,14309.0,12188.0,29299.0,96998.0,46852.0,128249.0,,,3174.0,,,,,450.0,32543.0,2570.0,6052.0,12734.0,,10505.0,-20483.0,-45977.0,65824.0,A,0.57,0.43458123452574066,0.30540852044736616,0.19239306753180227,0.23447399016432172,1.352669417512594,0.20462189837294753,0.028021113756893368,0.007989157128379849,0.03958518555361439
2016-12-31,2017,1,INDL,C,D,STD,AAPL,037833100,APPLE INC,USD,2016Q4,2017Q1,7.0,2017-01-31,103332.0,38510.0,331141.0,60452.0,45188.0,5255.423,13992.0,73557.0,2987.0,5423.0,2712.0,44081.0,84130.0,198751.0,,17891.0,26346.0,24180.0,27977.0,100246.0,78351.0,132390.0,,,6289.0,,,,,525.0,52005.0,2871.0,6817.0,3334.0,,2987.0,-12047.0,-19122.0,27056.0,A,0.57,0.42326198772191803,0.3362560784163572,0.22834424576584855,0.22213196191350512,1.228242006418638,0.08170537625965978,0.05402834442125862,0.008670022739558074,0.010068218674220347
2017-03-31,2017,2,INDL,C,D,STD,AAPL,037833100,APPLE INC,USD,2017Q1,2017Q2,7.0,2017-05-02,101990.0,28573.0,334532.0,67101.0,29973.0,5205.815,13991.0,84531.0,2332.0,5473.0,2910.0,51944.0,73342.0,200450.0,,11029.0,16429.0,14684.0,20612.0,100503.0,52896.0,134082.0,,,3655.0,,,,,530.0,36467.0,2776.0,6494.0,6309.0,,5319.0,-11582.0,-33324.0,39579.0,A,0.57,0.4333598003629764,0.310590592861464,0.20850347852389595,0.252684347087872,1.3906083826456874,0.11831155166022982,0.03296844547008956,0.008298159817297,0.01885918238016094
2017-06-30,2017,3,INDL,C,D,STD,AAPL,037833100,APPLE INC,USD,2017Q2,2017Q3,7.0,2017-08-01,112875.0,31915.0,345173.0,76759.0,25566.0,5169.782,18475.0,89864.0,2354.0,5661.0,3146.0,58188.0,81302.0,212748.0,,8717.0,13122.0,11308.0,22632.0,97980.0,45408.0,132425.0,,,2591.0,,,,,602.0,32286.0,2937.0,6720.0,8586.0,,7673.0,-13351.0,-36504.0,47942.0,A,0.63,0.43697145877378435,0.2889799154334038,0.19197057787174066,0.26034481260121733,1.388342230203439,0.13889267121124768,0.02525400306512966,0.00850877675832119,0.02487448323014836
2017-09-30,2017,4,INDL,C,D,STD,AAPL,037833100,APPLE INC,USD,2017Q3,2017Q4,7.0,2017-11-02,128645.0,49049.0,375319.0,74181.0,30164.0,5126.201,18473.0,97207.0,2484.0,5717.0,4855.0,53892.0,100814.0,241272.0,,10714.0,15604.0,13917.0,35673.0,98180.0,52579.0,134047.0,,,3203.0,,,,,666.0,36975.0,2997.0,6811.0,12451.0,,10157.0,-17347.0,-46446.0,63598.0,A,0.63,0.4263108845736891,0.2967724757032275,0.20376956579623043,0.25899834540750666,1.2760628484139107,0.16945052075700937,0.028546383210016013,0.00798520725036569,0.03317444627103877
2017-12-31,2018,1,INDL,C,D,STD,AAPL,037833100,APPLE INC,USD,2017Q4,2018Q1,7.0,2018-02-01,143810.0,62985.0,406794.0,77153.0,51636.0,5081.651,18478.0,103922.0,2745.0,5889.0,4421.0,49662.0,115788.0,266595.0,,20065.0,29019.0,27030.0,50899.0,103752.0,88293.0,140199.0,,,6965.0,,,,,734.0,59274.0,3407.0,7638.0,2810.0,,2745.0,-7501.0,-13590.0,28293.0,A,0.63,0.4151744758927661,0.3286670517481567,0.22725470875380835,0.2554659114932865,1.2420112619615158,0.06955117332114043,0.04932471963696613,0.008375246439229683,0.0069076731711873824
2018-03-31,2018,2,INDL,C,D,STD,AAPL,037833100,APPLE INC,USD,2018Q1,2018Q2,7.0,2018-05-01,130053.0,34311.0,367502.0,87940.0,34976.0,4943.282,20478.0,101362.0,2739.0,,7662.0,42881.0,89320.0,240624.0,,13822.0,18633.0,16168.0,22408.0,88834.0,61137.0,126878.0,,,2346.0,,,,,792.0,42504.0,3378.0,7528.0,7005.0,,5484.0,-33773.0,15120.0,43423.0,A,0.63,0.42790781359896624,0.3047745227930713,0.22608240509020724,0.2758134649607349,1.4560344827586207,0.11815718009697906,0.037610679669770504,0.009191786711364835,0.019061120755805412
2018-06-30,2018,3,INDL,C,D,STD,AAPL,037833100,APPLE INC,USD,2018Q2,2018Q3,7.0,2018-07-31,115761.0,38489.0,349197.0,70970.0,30179.0,4842.917,17472.0,97128.0,2665.0,,5936.0,38999.0,88548.0,234248.0,,11519.0,15041.0,13284.0,26367.0,76325.0,53029.0,114949.0,,,1765.0,,,,,846.0,37988.0,3701.0,7809.0,10272.0,,8149.0,-65296.0,19067.0,57911.0,A,0.73,0.43089630202342116,0.2836372550868393,0.21722076599596446,0.278146719473535,1.3073248407643312,0.16584048545663335,0.032987110427638265,0.010598601935297268,0.02941606027543192
2018-09-30,2018,4,INDL,C,D,STD,AAPL,037833100,APPLE INC,USD,2018Q3,2018Q4,7.0,2018-11-01,131339.0,55888.0,365725.0,66301.0,36062.0,4754.986,20748.0,93735.0,2754.0,,3956.0,40388.0,116866.0,258578.0,,14125.0,18872.0,16421.0,48995.0,66946.0,62900.0,107147.0,,,2296.0,,,,,868.0,44028.0,3750.0,7966.0,13313.0,,10903.0,-87876.0,16066.0,77434.0,A,0.73,0.42667726550079493,0.30003179650238476,0.22456279809220986,0.25629913186137127,1.1238426916297297,0.2117273907990977,0.03862191537357304,0.010253605851391073,0.03640166791988516
2018-12-31,2019,1,INDL,C,D,STD,AAPL,037833100,APPLE INC,USD,2018Q4,2019Q1,7.0,2019-01-29,140828.0,44293.0,373719.0,86427.0,48884.0,4729.803,21741.0,92989.0,3395.0,,4988.0,41656.0,108283.0,255827.0,,19965.0,26741.0,23906.0,36981.0,76922.0,84310.0,117892.0,,,3941.0,,,,,890.0,57569.0,3902.0,8685.0,3355.0,,3395.0,-13676.0,5844.0,26690.0,A,0.73,0.4201874036294627,0.31717471237101175,0.23680464950776894,0.24882063796595838,1.3005550271049011,0.07141729481241253,0.05342249123004182,0.01044099978861123,0.008977333237004273
